{"T": [0, 8.134206161392614, 41.62699412619597, 42.79392788904766, 44.21506004453048, 76.55075442640121, 85.26053863036569], "method": {"name": "Genetic Algorithm", "fitness": 74.44559197576481}, "n": 10, "M": [0.6521957511277641, 2.448355895496431, 26.889982114927864, 14.460026955324569, 0.5419571331355181, 25.171708648168742, 0.6055686415557353]}