{"T": [0, 8.200631165161502, 37.988034783954156, 50.987794494127634, 51.31073948560984, 79.21714670450184, 80.79699004588737], "method": {"name": "Genetic Algorithm", "fitness": 31.253555205323472}, "n": 11, "M": [0.7243449819621615, 4.401765775652499, 1.0503995837204743, 13.988034541503861, 0.6630241963588741, 10.989907945638164, 0.9048214411376876]}