{"T": [0, 6.778320270882191, 6.779841783649972, 9.915596958411763, 37.974780057439226, 46.76181143678106, 48.09330997768884], "method": {"name": "Genetic Algorithm", "fitness": 21.678168373256895}, "n": 12, "M": [0.7500833740363843, 29.351661869027485, 2.2291673478680267, 32.330140698299225, 1.2147393327116578, 4.441341130379219, 0.854024024898761]}