{"T": [0, 5.575330414048951, 8.248642501564449, 33.56175897872067, 38.17237267340389, 52.90618806190524, 79.8752434155872], "method": {"name": "Genetic Algorithm", "fitness": 29.004807592650305}, "n": 13, "M": [0.7728897141645994, 1.3019833070599667, 19.166105471275557, 14.471434072028796, 1.4722131230826352, 0.8676753854657573, 1.3689025890846955]}