{"T": [0, 2.0295130127910603, 8.23912630001701, 11.104819203671006, 33.126609789747, 38.13147891328056, 44.876153478061326], "method": {"name": "Genetic Algorithm", "fitness": 47.19747088474272}, "n": 14, "M": [0.6733892185930289, 1.2040273322489385, 17.01705405485204, 32.090374280507525, 6.05360973886958, 4.969225231880181, 1.144073039321041]}