{"T": [0, 2.343163232906317, 8.23734450835725, 9.677732135606984, 11.049891064116505, 44.89183870981297, 64.2743215021462], "method": {"name": "Genetic Algorithm", "fitness": 73.44028595807805}, "n": 15, "M": [0.6593856765061166, 1.4422435920490073, 18.66662847985552, 21.60469609431976, 38.96138076910607, 1.303321745655468, 1.6001500872587293]}