{"T": [0, 2.5731906922890104, 6.876574563511839, 43.758609150639096, 52.7854856466176, 66.96250545719748, 67.65481085673544], "method": {"name": "Genetic Algorithm", "fitness": 112.23284388348483}, "n": 16, "M": [0.6365812188117496, 1.5673160947517146, 34.57917872856486, 2.9215493788289986, 1.4443183479706645, 3.352598657004386, 1.8464455168205727]}