{"T": [0, 2.6199172110548363, 6.858200383324827, 8.184304326115992, 41.092399098127395, 49.80811032072433, 67.92746673109458], "method": {"name": "Genetic Algorithm", "fitness": 174.55615017844522}, "n": 17, "M": [0.5977195241807404, 1.9134580873670535, 20.284680801320487, 40.52765482094287, 4.96806871142326, 1.9301770316089384, 2.4457791026161315]}