{"T": [0, 2.6379379332594857, 2.9343017654944243, 6.846443809634733, 8.334428027751617, 51.9853077671208, 86.8813443280314], "method": {"name": "Genetic Algorithm", "fitness": 244.5819657744611}, "n": 18, "M": [0.6400705282197057, 16.82507316455241, 2.174325687453382, 18.459502794374547, 48.96330053318312, 2.14966303508581, 27.755870951750076]}