{"T": [0, 3.0266407055053177, 3.4557675433902886, 6.7771232415370495, 7.82650980359333, 45.35792122246699, 75.25500723242976], "method": {"name": "Genetic Algorithm", "fitness": 331.94400433840246}, "n": 19, "M": [0.6180842255518539, 30.953226923354258, 2.715592679998677, 15.66095854759086, 60.61714827675326, 2.7815978020432515, 5.2475871750539955]}