{"T": [0, 2.70174454955764, 6.872035533458228, 48.53218487346064, 77.6663616345683, 77.80169175296393, 79.82536288408257], "method": {"name": "Genetic Algorithm", "fitness": 458.20910212978396}, "n": 20, "M": [0.6187921645109076, 4.0147726823758285, 64.91884457948213, 3.2864904775273525, 14.080924193056093, 18.408299229910778, 20.06021557262307]}