{"T": [0, 2.799759174799275, 6.612486134762235, 48.32215616730409, 62.15058433914904, 73.92976767655912, 79.91524204128126], "method": {"name": "Genetic Algorithm", "fitness": 591.3040150863532}, "n": 21, "M": [0.6205628097781034, 5.861598882301762, 76.42360686905042, 5.435536858971707, 3.7705678982302597, 16.770257115040963, 17.525129876714228]}