{"T": [0, 2.6502768926549005, 5.793557307471957, 48.393168807550715, 66.37250225114263, 70.16709337153637, 83.84837898902948], "method": {"name": "Genetic Algorithm", "fitness": 754.5659182400657}, "n": 22, "M": [0.621095298712166, 9.870053355722497, 81.17506421127953, 7.3869909695123255, 32.70560888878764, 6.882309113160536, 30.452803716418945]}