{"T": [0, 2.937537418663859, 4.296059174005652, 6.4935943904314835, 53.38139257781529, 84.62796473100504, 85.56194191507538], "method": {"name": "Genetic Algorithm", "fitness": 926.6865717075444}, "n": 23, "M": [0.6019278784385179, 29.924267533613595, 8.959103951848574, 94.8657194324789, 7.941797477164771, 13.42357830298253, 26.818436009627757]}