{"T": [0, 2.47134548930244, 2.961813841286056, 56.84073734413638, 69.8852562153137, 78.36893884805448, 79.76508840093821], "method": {"name": "Genetic Algorithm", "fitness": 1138.7962083976356}, "n": 24, "M": [0.6146749763280689, 31.43450436302801, 108.54461769161085, 12.044703146344235, 21.20153498443941, 30.007912859480417, 34.65028182472756]}