{"T": [0, 3.7108622334019015, 45.49215690624529, 63.92950882756195, 66.25325367863887, 79.61998849945306, 82.96856326671877], "method": {"name": "Genetic Algorithm", "fitness": 1390.0543809089934}, "n": 25, "M": [0.492536325956533, 101.91525523493888, 30.293261297871382, 9.888348323123838, 24.260300186474325, 15.504796070241229, 39.492070464797074]}