{"T": [0, 3.536979274517565, 57.45519497198761, 61.87278387315656, 64.75784960761382, 65.54536001958209, 67.42245245609752], "method": {"name": "Genetic Algorithm", "fitness": 1661.3894435711488}, "n": 26, "M": [0.48346077386020003, 105.48306990685006, 9.996066598529357, 19.51720510584183, 9.530109851937551, 26.46803767406374, 37.562817400874906]}