{"T": [0, 3.124499735180316, 3.139193041027519, 47.30551746138231, 47.43981368046365, 49.472755825251966, 51.33770131956769], "method": {"name": "Genetic Algorithm", "fitness": 1979.518208900753}, "n": 27, "M": [0.495210555822499, 30.583572639820698, 96.13530372791448, 10.999430399521408, 33.44874977462535, 16.73671150775488, 44.441042890516265]}