{"T": [0, 2.5916468030236692, 3.5551916610486085, 64.2943307252357, 77.01632569661629, 77.59295949611611, 84.4448120942625], "method": {"name": "Genetic Algorithm", "fitness": 2331.9196968460797}, "n": 28, "M": [0.49643074217904076, 0.18669304775448686, 89.85776541927046, 28.29699726415654, 12.326882743540725, 0.4213615496401619, 37.86462079363162]}