{"T": [0, 3.4053083939017794, 3.4573031548720365, 55.75760989143379, 75.551912883869, 75.60678020294593, 77.20635530488065], "method": {"name": "Genetic Algorithm", "fitness": 2727.213070805907}, "n": 29, "M": [0.48805811234706686, 23.87841061463152, 94.37367532223749, 30.054312936561367, 7.349382398553109, 1.006823836586766, 37.78449935718902]}