{"T": [0, 0.11950954307974904, 19.816865509698015, 20.023222619188928, 53.58796431543206, 54.38321770239397, 54.38823766753292], "method": {"name": "Genetic Algorithm", "fitness": 689.1094359901433}, "n": 2, "M": [28.50640884082026, 0.06270567079272181, 23.797084799867218, 0.05998361009747191, 4.428873350765619, 16.471692341202818, 0.04356763173061971]}