{"T": [0, 3.6287880166235964, 34.98746876793971, 35.57696385731379, 81.99867142366531, 83.68421387644702, 86.79705905536544], "method": {"name": "Genetic Algorithm", "fitness": 3157.1796866340633}, "n": 30, "M": [0.47836122318118696, 96.28560243942687, 13.917203937841794, 60.172872153117275, 20.97962421315313, 12.333377055498953, 36.76013739647137]}