{"T": [0, 0.05258687279709534, 0.25478547711548777, 14.076971830441941, 14.288385783614185, 14.401176925521842, 58.13768806479165], "method": {"name": "Genetic Algorithm", "fitness": 421.1353598576981}, "n": 3, "M": [2.276208642704514, 20.771236704610207, 0.10394428448297797, 17.992445480953275, 7.657919043355254, 0.13254989513209922, 0.08878654215840048]}