{"T": [0, 0.5044351410632436, 0.6330919928252703, 9.9035569545774, 10.004679018660315, 46.84886021706311, 46.87563270524325], "method": {"name": "Genetic Algorithm", "fitness": 192.2892278886674}, "n": 4, "M": [1.7756437377142373, 14.09557881471763, 0.14488560162601374, 5.371740134274791, 0.2635665450152624, 21.08826061050555, 0.13903767381168652]}