{"T": [0, 0.030197135006673204, 9.915200520422758, 9.978154330392826, 49.58600788288232, 78.20782150623454, 82.67666578262995], "method": {"name": "Genetic Algorithm", "fitness": 185.65612334172178}, "n": 5, "M": [32.463344053204445, 0.21745794914186187, 31.218166750613047, 0.40534863718982883, 0.19462364052829242, 25.45850695411665, 0.21071955720794389]}