{"T": [0, 0.0348495880540165, 13.779621781322007, 29.966352059226455, 31.111079636724526, 37.902065440315035, 74.82123529112818], "method": {"name": "Genetic Algorithm", "fitness": 297.4721696976591}, "n": 6, "M": [23.38750515609941, 0.3403319893808758, 1.6572077363262574, 9.75133844419596, 0.6982101011740611, 0.26773814272665325, 0.27964377761591275]}