{"T": [0, 0.025930109305009497, 8.092046860824372, 28.558701992150894, 37.13281128108876, 65.36480370768584, 65.69366455728233], "method": {"name": "Genetic Algorithm", "fitness": 134.56438322827893}, "n": 7, "M": [25.492936269512235, 0.3495594388047044, 0.910191401002095, 16.15753580746543, 0.3512226626993633, 11.393433054674858, 0.33492743762184196]}