{"T": [0, 0.16597727518067665, 8.233830616360933, 8.267430192087605, 13.633045056185427, 30.146610270897455, 32.021090189631046], "method": {"name": "Genetic Algorithm", "fitness": 101.69697439207985}, "n": 8, "M": [3.6572557397181202, 0.3832990299230305, 5.866610201514678, 1.0777572044656472, 1.5204711516554505, 16.14996620888662, 0.470128298819267]}