{"T": [0, 0.3427734361089505, 9.905539083196956, 10.009238026778384, 33.59753230804663, 37.429414376007436, 48.23768579563493], "method": {"name": "Genetic Algorithm", "fitness": 83.24673344658625}, "n": 9, "M": [1.6403653678237495, 0.5312782575752556, 19.767782844078976, 1.8730730945323555, 26.250784817232315, 0.6881173610725063, 0.5008158748557315]}