{"T": [0, 8.134275521120909, 42.114582147849404, 44.28532377103989, 74.45149469292606, 81.33553979628591], "method": {"name": "Genetic Algorithm", "fitness": 73.67651220470546}, "n": 10, "M": [0.647270722451874, 2.400685653370393, 6.735471415669432, 0.5502658144922133, 4.770168790356611, 0.7221464627928811]}