{"T": [0, 8.219968713280148, 36.66592471409231, 37.94106810586085, 52.196302935915476, 77.79616483162005], "method": {"name": "Genetic Algorithm", "fitness": 32.138506915081116}, "n": 11, "M": [0.7341377369867749, 4.793888036360094, 4.72863367358796, 1.0183614332493762, 0.6612548137093068, 0.9054923589775818]}