{"T": [0, 6.662015075102038, 9.86870041462792, 38.02473741829533, 47.26550858734615, 49.62228978912918], "method": {"name": "Genetic Algorithm", "fitness": 18.285263561703594}, "n": 12, "M": [0.76189634782151, 1.7571088349699688, 10.693503883944894, 1.2496852982716962, 19.70937899035003, 0.8391723423820074]}