{"T": [0, 6.661137857882492, 9.881226394414739, 26.02988219441132, 38.21508268776417, 49.71659588711786], "method": {"name": "Genetic Algorithm", "fitness": 38.166762038135225}, "n": 13, "M": [0.7842135381669185, 2.2799066319997072, 26.065561277851756, 17.754241369564653, 1.442010479035669, 1.000584944769936]}