{"T": [0, 2.216534328990057, 6.822971614659, 8.715305390699204, 39.93020475872024, 56.70425734468904], "method": {"name": "Genetic Algorithm", "fitness": 62.31515187609482}, "n": 14, "M": [0.7157395302185573, 1.227541256813576, 2.748253324706614, 20.91282814177076, 1.6448631425071378, 1.2013882533751001]}