{"T": [0, 2.45491340599688, 6.869755919534544, 8.630756521913607, 44.950857543183076, 58.556358061112476], "method": {"name": "Genetic Algorithm", "fitness": 79.77026800433278}, "n": 15, "M": [0.6837139869170402, 1.310240992531492, 16.61232836742965, 26.023347814987957, 1.2708123884281322, 1.4050829277290662]}