{"T": [0, 2.494910339921483, 6.819796199514101, 9.348558543258864, 45.03855229225483, 85.34835068686833], "method": {"name": "Genetic Algorithm", "fitness": 110.27942487974849}, "n": 16, "M": [0.6696121568861854, 1.626187670024271, 8.765723231952487, 31.483502329611767, 1.628593350653759, 2.4939973045917374]}