{"T": [0, 2.5540311546149828, 7.441292172012373, 39.47630641179614, 45.23012862614744, 77.72562984561182], "method": {"name": "Genetic Algorithm", "fitness": 172.60764232042413}, "n": 17, "M": [0.6183484061602168, 2.135882874639242, 44.636001332628496, 11.263661988485422, 1.7716279921049742, 3.091704819902877]}