{"T": [0, 2.7275866510001583, 6.863695841152207, 7.931258606016444, 45.22214986352823, 81.48240148212615], "method": {"name": "Genetic Algorithm", "fitness": 241.04752807635904}, "n": 18, "M": [0.5959176544467613, 2.229211512335376, 28.98723406206463, 54.02872717328279, 2.261375603942447, 4.280670265803016]}