{"T": [0, 2.5679658262025833, 6.8603134425946894, 40.497506448190485, 46.933593873897486, 75.67088474708488], "method": {"name": "Genetic Algorithm", "fitness": 342.6510900347732}, "n": 19, "M": [0.6224810211743436, 3.0531533818623617, 58.335480194166564, 19.772451259387303, 2.617225440416218, 6.223687508737007]}