{"T": [0, 2.8105201974257565, 6.860916352351312, 7.726252938142849, 47.55006387322057, 81.36542704649014], "method": {"name": "Genetic Algorithm", "fitness": 454.86994405551945}, "n": 20, "M": [0.5972791278276635, 3.9338985917439118, 35.315326203399074, 69.7382572878429, 3.227475916029073, 12.345464422050743]}