{"T": [0, 2.7390854021890565, 6.1106551902231825, 51.349771908967476, 56.968939771969175, 78.43177116940902], "method": {"name": "Genetic Algorithm", "fitness": 589.7389519327581}, "n": 21, "M": [0.617487220983891, 5.867855742369848, 80.46492147592956, 5.477333749565379, 3.879569546904454, 36.0688476383518]}