{"T": [0, 2.8398744283758934, 5.868399268044252, 50.992766428349626, 53.28273808186962, 80.80936394063836], "method": {"name": "Genetic Algorithm", "fitness": 749.6130172200725}, "n": 22, "M": [0.6108962333712823, 9.877998415946475, 87.0886381756194, 13.926708188197702, 5.205273496337059, 21.021231182745982]}