{"T": [0, 2.7490911913721066, 6.052488642926406, 46.553648707056205, 60.81422858933498, 81.95543034446885], "method": {"name": "Genetic Algorithm", "fitness": 932.4131981230456}, "n": 23, "M": [0.6011761364177932, 28.413772629741526, 96.58706453491037, 21.20071636830726, 7.798796666371575, 31.28846459859431]}