{"T": [0, 2.617655210885814, 6.679970189564317, 45.961115167238226, 47.82621792780479, 68.68892644373904], "method": {"name": "Genetic Algorithm", "fitness": 1146.5493714976315}, "n": 24, "M": [0.6224083552678679, 40.46009422611635, 98.59914095251429, 22.00755810476953, 14.974091267439178, 31.62015473532083]}