{"T": [0, 2.927738182945156, 47.63415485677088, 49.13051589031337, 49.92210787638063, 83.86270233364104], "method": {"name": "Genetic Algorithm", "fitness": 1388.6716996618431}, "n": 25, "M": [0.6065934487054953, 100.4875601439274, 9.130849255195196, 8.05320679921057, 27.54013476570656, 35.64794301389127]}