{"T": [0, 3.2763656596896564, 41.41783781019099, 66.14569464544363, 71.07550616329236, 83.54203250630918], "method": {"name": "Genetic Algorithm", "fitness": 1671.2387022264022}, "n": 26, "M": [0.5051568715792928, 96.11103266537734, 61.155528468237186, 21.181748907535955, 19.524939331612792, 37.54512769307671]}