{"T": [0, 3.52523264973575, 55.21000471491893, 57.48350663051416, 79.99988088701234, 84.52520592064744], "method": {"name": "Genetic Algorithm", "fitness": 1979.0944571972636}, "n": 27, "M": [0.49495657601864335, 97.20007985231406, 19.407023305930796, 30.69044280298408, 20.488697225347355, 42.179379008553276]}