{"T": [0, 3.2658381295222596, 64.3014136282524, 67.66741060290292, 69.66521091568733, 85.35045976659782], "method": {"name": "Genetic Algorithm", "fitness": 2324.643843222381}, "n": 28, "M": [0.4950515816166937, 102.69035526474428, 20.98814997457504, 19.421717913153476, 27.394612190124132, 44.1422695964821]}