{"T": [0, 3.171978662347542, 54.445383985225874, 57.941163878818315, 75.65033285836596, 82.65855310189497], "method": {"name": "Genetic Algorithm", "fitness": 2726.2203169499694}, "n": 29, "M": [0.4661309100993418, 94.41823361398319, 12.506120702234455, 31.95514906340058, 19.878714234725706, 41.51306304544514]}