{"T": [0, 0.13772848608861704, 6.615340613195516, 23.67822815567991, 24.261363480314383, 86.6636553412975], "method": {"name": "Genetic Algorithm", "fitness": 325.4948053482401}, "n": 2, "M": [17.579063536427668, 0.03250927000977222, 0.07739434087266957, 12.223842165569163, 0.05629732724945315, 0.024174027574110104]}