{"T": [0, 3.534816550788315, 64.06470253050234, 75.6688249467371, 77.05386958424093, 78.38258390741565], "method": {"name": "Genetic Algorithm", "fitness": 3141.4784098285254}, "n": 30, "M": [0.4679909482670363, 105.03338593959842, 35.83478790683328, 9.770609212094918, 3.3812640717496607, 31.471162654514245]}