{"T": [0, 0.0742188504886534, 23.435936203322292, 24.22869338488967, 34.672749683997864, 35.55019458083382], "method": {"name": "Genetic Algorithm", "fitness": 452.26833684127377}, "n": 3, "M": [28.02512723145262, 0.12386875814595733, 14.870315431350596, 0.17389108287869212, 28.417533517439786, 0.09273277890289729]}