{"T": [0, 0.7610222280262355, 6.659468556056193, 33.11472868631929, 36.26386413791977, 74.82105246317693], "method": {"name": "Genetic Algorithm", "fitness": 409.70780617398106}, "n": 4, "M": [11.184709410124512, 0.12343893676292621, 0.3053823543624958, 16.572979320259144, 0.14009633058079018, 20.059128798254232]}