{"T": [0, 0.04214753477485467, 7.883448926414733, 47.219586482104944, 49.911991097799934, 75.52744882352825], "method": {"name": "Genetic Algorithm", "fitness": 417.19938275374807}, "n": 5, "M": [23.363689237260935, 0.1981010239134239, 0.39839813601544827, 25.906944947935727, 0.17825658377276596, 19.62966740056436]}