{"T": [0, 0.03175934087893406, 9.914051596419085, 21.728556925864204, 46.13252674709745, 46.16984639726305], "method": {"name": "Genetic Algorithm", "fitness": 339.40538554995936}, "n": 6, "M": [25.317962011186907, 0.2959423533379372, 12.471804670067533, 0.5463807734938619, 29.414631084928388, 0.2742563889550993]}