{"T": [0, 8.837775313572447, 38.96360734647748, 42.98020817642347, 79.7515557085602, 84.73302832695194], "method": {"name": "Genetic Algorithm", "fitness": 349.47985977216996}, "n": 7, "M": [0.44165094805062144, 0.9231303611211208, 6.715441817739877, 0.3232193291723145, 18.134860196810262, 0.32111031603466866]}