{"T": [0, 0.02085766875262162, 8.012317826524846, 33.15661665596513, 43.72120677701874, 80.74547957272216], "method": {"name": "Genetic Algorithm", "fitness": 104.86853845160707}, "n": 8, "M": [25.436852367664606, 0.38639707728780176, 1.1641352428253366, 3.88166988855429, 0.3722343435064148, 0.5219305990377946]}