{"T": [0, 0.015333191234602417, 8.046854170844705, 40.773229594828535, 42.08683175359, 43.90248686204058], "method": {"name": "Genetic Algorithm", "fitness": 61.606996254360666}, "n": 9, "M": [25.65708691266125, 0.4842734406977904, 1.611643972595156, 29.266173223090135, 16.82216983680917, 0.49022327351788947]}