{"T": [0, 8.154905803293408, 38.09184717008372], "method": {"name": "Genetic Algorithm", "fitness": 82.1422212426563}, "n": 10, "M": [0.6476964740610527, 2.633233548558546, 0.6309754637448305]}