{"T": [0, 8.191598672139966, 38.12887570615252], "method": {"name": "Genetic Algorithm", "fitness": 52.505596846997975}, "n": 11, "M": [0.7258145501473388, 4.601709829820761, 0.748233153917896]}