{"T": [0, 8.231033562755936, 38.16651242776696], "method": {"name": "Genetic Algorithm", "fitness": 50.31975068787699}, "n": 12, "M": [0.8022956072089171, 9.572125936087607, 0.8918277414447888]}