{"T": [0, 6.860791600158784, 44.69116128414435], "method": {"name": "Genetic Algorithm", "fitness": 70.79314331986781}, "n": 13, "M": [0.8174530805599174, 11.245927358976719, 0.9965513875323228]}