{"T": [0, 6.874587496326985, 44.783005101981225], "method": {"name": "Genetic Algorithm", "fitness": 112.11678078463365}, "n": 14, "M": [0.874562248521194, 34.77385974078446, 1.1743060442512747]}