{"T": [0, 6.872558972944254, 44.90048867279341], "method": {"name": "Genetic Algorithm", "fitness": 192.7718918878262}, "n": 15, "M": [0.9254739471956409, 43.40494726608134, 1.412865494341045]}