{"T": [0, 4.670890753727826, 45.035198330999485], "method": {"name": "Genetic Algorithm", "fitness": 296.48455686528337}, "n": 16, "M": [0.5379203973734933, 46.90978974078157, 1.672791466877863]}