{"T": [0, 3.7997180207402748, 45.137793694538615], "method": {"name": "Genetic Algorithm", "fitness": 335.0580269503081}, "n": 17, "M": [0.5774720675067426, 43.96162457532498, 2.0739687694524096]}