{"T": [0, 3.800235034822792, 45.237661797877934], "method": {"name": "Genetic Algorithm", "fitness": 375.28632210297917}, "n": 18, "M": [0.5560698144518645, 51.959044902176274, 2.531676471207472]}