{"T": [0, 3.79335577363907, 45.2818106589015], "method": {"name": "Genetic Algorithm", "fitness": 442.10428210631795}, "n": 19, "M": [0.5554984266414226, 58.10736525690273, 3.13128305116391]}