{"T": [0, 2.891296102397194, 45.353799350713594], "method": {"name": "Genetic Algorithm", "fitness": 521.9461399018095}, "n": 20, "M": [0.6174993794035789, 83.88523585274406, 4.105959416087376]}