{"T": [0, 2.734192489097392, 48.38843245814891], "method": {"name": "Genetic Algorithm", "fitness": 627.7239241511011}, "n": 21, "M": [0.6121655170825789, 96.0371529623148, 5.1336787473055985]}