{"T": [0, 2.868484511513965, 52.49595109686813], "method": {"name": "Genetic Algorithm", "fitness": 769.648601580635}, "n": 22, "M": [0.61867180134109, 91.9068868785328, 7.958142651365839]}