{"T": [0, 2.735170549556742, 48.22333608417811], "method": {"name": "Genetic Algorithm", "fitness": 938.6393769011424}, "n": 23, "M": [0.6139127619168454, 103.36700682769894, 14.614325686312052]}