{"T": [0, 2.5245835883446306, 50.02979435021669], "method": {"name": "Genetic Algorithm", "fitness": 1140.3531462760627}, "n": 24, "M": [0.5999942059162029, 112.95766707420174, 25.771581666932946]}