{"T": [0, 2.855074857151879, 85.0383987091117], "method": {"name": "Genetic Algorithm", "fitness": 1380.3194953834313}, "n": 25, "M": [0.60027950584675, 114.48191611456946, 44.170316446355116]}