{"T": [0, 3.616893879015618, 68.37554174211822], "method": {"name": "Genetic Algorithm", "fitness": 1654.979080564898}, "n": 26, "M": [0.5020533292838052, 113.51649648992975, 45.47960334776017]}