{"T": [0, 3.3513223781600763, 3.5203517811233196], "method": {"name": "Genetic Algorithm", "fitness": 1962.6964172544142}, "n": 27, "M": [0.485787241172422, 37.98093773263629, 108.50647074633021]}