{"T": [0, 3.3595242007482646, 80.13978564398822], "method": {"name": "Genetic Algorithm", "fitness": 2314.787069077447}, "n": 28, "M": [0.4858575524595843, 110.45273819540652, 36.87307117853367]}