{"T": [0, 3.2325441006783793, 3.704962134343513], "method": {"name": "Genetic Algorithm", "fitness": 2694.2517037500243}, "n": 29, "M": [0.4715441118640824, 28.02496105648182, 111.24110568555469]}