{"T": [0, 0.11732407344819111, 5.39550642040629], "method": {"name": "Genetic Algorithm", "fitness": 497.3456100936718}, "n": 2, "M": [24.842299013426775, 0.02642720471516289, 0.0587696900440843]}