{"T": [0, 3.275786438220444, 3.539888148180675], "method": {"name": "Genetic Algorithm", "fitness": 3129.3130960586786}, "n": 30, "M": [0.478408430078971, 21.36670799013514, 101.08684614662847]}