{"T": [0, 0.14274611915905935, 44.534668484776866], "method": {"name": "Genetic Algorithm", "fitness": 506.2174813950732}, "n": 3, "M": [22.992622776896575, 0.1318773545740131, 0.08991022975045768]}