{"T": [0, 0.054862668252974034, 44.60421626858269], "method": {"name": "Genetic Algorithm", "fitness": 484.84950644429927}, "n": 4, "M": [25.197172689060856, 0.21342354459260482, 0.14213586275737206]}