{"T": [0, 0.05686263832870564, 6.425982023148167], "method": {"name": "Genetic Algorithm", "fitness": 421.96920320150565}, "n": 5, "M": [16.469976865321254, 0.16377948939445003, 0.3098751952826041]}