{"T": [0, 0.05965364401096316, 44.64753766050841], "method": {"name": "Genetic Algorithm", "fitness": 448.4024102751463}, "n": 6, "M": [12.388472681474367, 0.427136901147403, 0.26010233673405625]}