{"T": [0, 9.567855837820659, 37.93591094195893], "method": {"name": "Genetic Algorithm", "fitness": 347.714226857879}, "n": 7, "M": [0.436567851300967, 0.9783424156564307, 0.3456132578741797]}