{"T": [0, 8.124660941109488, 38.00576002875112], "method": {"name": "Genetic Algorithm", "fitness": 228.11987739037943}, "n": 8, "M": [0.48938555791567123, 1.3164165231830858, 0.4273250784521211]}