{"T": [0, 8.136799602168123, 38.09874485743435], "method": {"name": "Genetic Algorithm", "fitness": 140.31258370698743}, "n": 9, "M": [0.5749286228057996, 1.8692337202769513, 0.5155748931282995]}