{"M": [25.044010288783156], "C": [45.83014068890889], "T": [0.0], "n": 95}