{"n": 11, "M": [1.2176939839844136, 3.7780965726829456, 1.8738478333481754, 35.15174117476135], "T": [0.0, 9.441489419434628, 53.66953813266139, 136.7876169618117]}