{"M": [1.2203022935701735], "T": [0], "method": {"fitness": 47.874149767389994, "name": "Genetic Algorithm"}, "n": 11}