{"M": [9.034282815145733e-05, 19.0398532412147, 12.192078615730047, 0.3874244336634152], "T": [0.0, 0.20589425208475967, 1.0874029961244882, 6.927063180439862], "C": [98.58899869768999, 0.09526301867126737, 29.830909745257337, 24.541055912893214], "n": 2}