{"n": 10, "T": [0], "method": {"name": "Genetic Algorithm", "fitness": 35.27835423209051}, "M": [0.9975657901861495]}