{"C": [1.0, 0.1863049188289312, 0.736336639868523, 0.3149161870080801], "M": [1.2027895478726982, 13.106144162958692, 16.045687079369177, 6.604303793104823], "n": 11, "T": [0.0, 8.643922304917027, 20.989564221927687, 41.50261405475832]}