{"T": [0.0, 0.8182949182286354, 0.9859229174361188, 2.078344191751848, 4.343575592353888, 12.669562595284312], "C": [16.804057399027634, 116.06702646825255, 1.5335798885356309, 60.52057701876046, 106.04635255262204, 30.404193268286125], "n": 31, "M": [38.68176184619108, 63.558435424472414, 0.07277353846681196, 0.6340574988952943, 0.009741970367817421, 0.017390564128110613]}