{"M": [1.104579985353525, 2.4356555989856528, 1.295671086933596, 1.5703325031562623], "method": {"name": "Genetic Algorithm", "fitness": 1.2400704630788295}, "n": 10, "T": [0, 10.22069518662365, 58.05831528267186, 111.3944014067956]}