{"C": [1.0, 1.0, 1.0, 1.0], "n": 14, "T": [0.0, 2.4026448043134154, 9.490516827874309, 12.42358219810461], "M": [0.9850537801151711, 3.512682502396251, 10.533841141158058, 40.819925799293394]}