{"n": 10, "T": [0], "M": [0.995102133202699], "method": {"fitness": 35.30262032844601, "name": "Genetic Algorithm"}}