{"T": [0.0, 9.414872158373013, 53.668851509075274, 140.18089316677518], "M": [1.2186602328913363, 3.6865600189253396, 1.939193007612074, 13.009362089475442], "n": 11}