{"C": [1.0, 1.0, 1.0, 1.0], "n": 11, "M": [1.2343705764748063, 2.938909846039755, 2.0792978018329964, 2.1391514759113113], "T": [0.0, 9.391645372468117, 95.61163146511115, 121.90199267401744]}