{"T": [0.0, 9.427709771279968, 57.990337670899166, 91.79410252759459], "n": 11, "C": [1.0, 1.0, 1.0, 1.0], "M": [1.1933852621388108, 3.7468854041379176, 1.615875208317577, 2.1941439880878644]}