{"T": [0.0, 8.247089659029632, 12.679118112462705, 12.721362166664877], "C": [18.756182004488963, 58.69962188913081, 19.75488762286719, 16.877410682837745], "n": 36, "M": [39.14403861664396, 26.38890037570944, 15.083595870448342, 0.3700577822922346]}