{"T": [0.0, 8.545825090048687, 143.8209446418721, 146.9398934956002], "n": 11, "C": [1.0, 1.0, 1.0, 1.0], "M": [1.1979869799527578, 2.702847096095523, 13.788122253327561, 28.97680224794793]}