{"T": [0, 8.188460286534168, 32.441991751678266, 44.8551022057344, 86.72592454993895], "method": {"name": "Genetic Algorithm", "fitness": 61.105584445044734}, "n": 10, "M": [0.6771157973797454, 2.9275206519165096, 1.2623509664174146, 0.5631319027788637, 1.1496127612179563]}