{"T": [0, 8.124434499844595, 11.77869032035494, 32.35139949409674, 44.91332031911785], "method": {"name": "Genetic Algorithm", "fitness": 32.21295164693595}, "n": 11, "M": [0.7334510161987838, 2.538252589928017, 7.8286603468028595, 1.6458940654513992, 0.7050198916290938]}