{"T": [0, 8.243333859602224, 32.52324602359643, 44.91960965002646, 84.94392320883973], "method": {"name": "Genetic Algorithm", "fitness": 27.825319465323687}, "n": 12, "M": [0.8052507545146989, 12.428012514794833, 2.1725332505795896, 0.7965425791579334, 1.070755334783079]}