{"T": [0, 6.671583648992958, 9.853697766484617, 36.37720618561782, 44.920381442875275], "method": {"name": "Genetic Algorithm", "fitness": 38.82859897023505}, "n": 13, "M": [0.8204146469011535, 2.1784757498525202, 20.957391017470542, 2.853153477491166, 0.9839224438113949]}