{"T": [0, 2.1181849392082324, 8.213478808815829, 37.89026668802157, 50.01689948875736], "method": {"name": "Genetic Algorithm", "fitness": 62.960531159560404}, "n": 14, "M": [0.682619927856188, 1.1897484612634461, 18.9300379414998, 2.558583084649807, 1.247563763343334]}