{"T": [0, 2.3741908681364787, 6.878196932828256, 33.92589448299766, 45.006680342085716], "method": {"name": "Genetic Algorithm", "fitness": 71.95500774733623}, "n": 15, "M": [0.6561648636940814, 1.293101125381568, 40.40771288953705, 7.819815815176533, 1.3982846066038377]}