{"T": [0, 2.474307988147043, 6.868557988355344, 9.573947178172698, 44.95137728841505], "method": {"name": "Genetic Algorithm", "fitness": 111.2118629759139}, "n": 16, "M": [0.6601362352397133, 1.5895475446184284, 18.10912290823481, 46.85631852003585, 1.6932414634914168]}