{"T": [0, 2.6031226197431394, 6.878087636717091, 45.11291529862642, 86.78135092813403], "method": {"name": "Genetic Algorithm", "fitness": 166.59488908549903}, "n": 17, "M": [0.633298453638979, 1.9025656058198614, 40.885070935563675, 1.8455442756563496, 5.398142840725029]}