{"T": [0, 2.6194111306715584, 6.869884546239413, 7.386455352956356, 45.26622110849111], "method": {"name": "Genetic Algorithm", "fitness": 248.24343466955327}, "n": 18, "M": [0.615221011704196, 2.470382055504344, 28.31017907403685, 58.7470898771805, 2.4177421912146557]}