{"T": [0, 2.980654751763871, 3.1167887402136327, 6.8664699327210155, 45.29604662128766], "method": {"name": "Genetic Algorithm", "fitness": 347.32663092074387}, "n": 19, "M": [0.6223543116957377, 27.643121346681216, 2.6259035818276644, 49.61744859567773, 3.127330213247085]}