{"T": [0, 2.6378380140814577, 6.866376307333213, 47.5072364485075, 86.23756731676932], "method": {"name": "Genetic Algorithm", "fitness": 460.606515955555}, "n": 20, "M": [0.6010993836871465, 3.770489751261225, 61.41352499104347, 3.254840986134517, 19.253346648003884]}