{"T": [0, 2.634207724012, 6.700857516906768, 45.51092990382872, 84.36212418098758], "method": {"name": "Genetic Algorithm", "fitness": 588.6115122394183}, "n": 21, "M": [0.6033455165659787, 5.739710321643244, 87.07199997146475, 4.404663665023769, 22.05093464441017]}