{"T": [0, 2.6594854446488414, 5.793775193395377, 53.26647212424593, 69.23301008384149], "method": {"name": "Genetic Algorithm", "fitness": 751.947804482016}, "n": 22, "M": [0.622782841591556, 16.069010652963158, 98.46337586090105, 4.574035173898576, 11.733229596921229]}