{"T": [0, 2.826237096813022, 46.90389634471509, 60.34623227062929, 76.40679539626787], "method": {"name": "Genetic Algorithm", "fitness": 937.0207557100331}, "n": 23, "M": [0.6329256020081485, 92.68640461798721, 21.388753188333602, 6.945950731237616, 30.405485526181543]}