{"T": [0, 2.9224653330936863, 55.5535638397429, 81.99248290369252, 84.18994467419301], "method": {"name": "Genetic Algorithm", "fitness": 1143.2160764983778}, "n": 24, "M": [0.6134206790041145, 101.30477937929153, 15.882785562017236, 20.398691988935585, 29.243391853511607]}