{"T": [0, 3.339681627578045, 3.377996634617129, 3.716545133528692, 69.02200597299043], "method": {"name": "Genetic Algorithm", "fitness": 1387.7693420040366}, "n": 25, "M": [0.501074107920749, 19.049912134797033, 23.384678326391274, 105.14373118253567, 41.42351859127605]}