{"T": [0, 1.8620109523966804, 3.230396693125811, 80.27099334598795, 86.90895540520279], "method": {"name": "Genetic Algorithm", "fitness": 1657.624184035086}, "n": 26, "M": [0.6104595623092263, 0.029688819280735967, 89.24735430112452, 33.583487206394715, 20.925875440757054]}