{"T": [0, 3.5946386112260833, 54.40783143148494, 75.6591691652088, 76.90239274322062], "method": {"name": "Genetic Algorithm", "fitness": 1975.177876203245}, "n": 27, "M": [0.4965612384710434, 103.67332360870694, 34.668767597620516, 3.9970794594147, 34.00305549581569]}