{"T": [0, 3.4474392119673922, 58.15906865638612, 60.675967422889855, 73.86953489404989], "method": {"name": "Genetic Algorithm", "fitness": 2318.3061604075087}, "n": 28, "M": [0.47188900908062925, 109.6598220748117, 13.040236688628273, 31.538144904315278, 48.7036864958399]}