{"T": [0, 3.106153577292065, 3.504674649422557, 56.47226903971111, 57.58790367439965], "method": {"name": "Genetic Algorithm", "fitness": 2712.867225277786}, "n": 29, "M": [0.49273613844049696, 22.35052876507358, 103.29176835846143, 28.415460284665894, 43.020249218645496]}