{"T": [0, 0.07698593312982677, 32.68747790211871, 34.55423104009311, 86.90840785448194], "method": {"name": "Genetic Algorithm", "fitness": 654.7294067895223}, "n": 2, "M": [33.422350117308675, 0.062387471494858175, 13.701946834368817, 0.04460960939083079, 2.5279324910005805]}