{"T": [0, 3.316638115191617, 3.727457130064466, 45.95422803380644, 49.11677523975076], "method": {"name": "Genetic Algorithm", "fitness": 3147.230443526475}, "n": 30, "M": [0.4802370882945846, 37.24658238723453, 97.15685818266151, 30.779508650325834, 49.75393155693995]}