{"T": [0, 0.3177806025625041, 9.68111751811, 9.686404879037855, 50.394436318092716], "method": {"name": "Genetic Algorithm", "fitness": 216.70780586645478}, "n": 3, "M": [9.144871602628358, 0.09296908328351158, 12.059355481415567, 0.16974239986080006, 0.08541531553796437]}