{"T": [0, 0.9488014094815278, 5.5034784211091194, 65.48584027494582, 70.05572686195143], "method": {"name": "Genetic Algorithm", "fitness": 363.56509689981436}, "n": 4, "M": [12.04952053516074, 0.10560414260940391, 0.22392594756831666, 28.069353205713853, 0.12898035630951016]}