{"T": [0, 0.04958120308974656, 16.706922824079346, 17.859333897902104, 37.76887548852367], "method": {"name": "Genetic Algorithm", "fitness": 333.2793974599789}, "n": 5, "M": [20.302722504000695, 0.26613308774370814, 12.488013593443572, 0.49022975467691027, 0.22386215644689428]}