{"T": [0, 0.025744955913763246, 6.704700991897808, 32.41893888014178, 44.51412731832926], "method": {"name": "Genetic Algorithm", "fitness": 70.49544372685861}, "n": 6, "M": [30.95969408899117, 0.22436827288140926, 0.6526414487112282, 0.4404179447928475, 0.26808114945948436]}