{"T": [0, 0.2369477170852746, 6.74063064914231, 36.755485308885106, 37.12471761724829], "method": {"name": "Genetic Algorithm", "fitness": 77.32128921869237}, "n": 7, "M": [3.4838364996192914, 0.30129262725510836, 0.8360025425247583, 22.480267639422703, 0.34415106319639194]}