{"T": [0, 9.639644023786763, 25.27396780066795, 26.959538743066698, 44.623392053918835], "method": {"name": "Genetic Algorithm", "fitness": 221.85377577002816}, "n": 8, "M": [0.5060686282632669, 1.455506724299928, 25.300031186705304, 0.8242547989106689, 0.4048658432350781]}