{"T": [0, 0.016224057848603913, 7.997130066030166, 38.242686784496286, 86.90715161909553], "method": {"name": "Genetic Algorithm", "fitness": 63.455324766612314}, "n": 9, "M": [23.268106303203897, 0.4938693233384799, 1.879099525871249, 0.5167225326421548, 15.27182545646291]}