{"T": [0, 8.138724830972432, 44.581220125863425, 86.35845132890276], "method": {"name": "Genetic Algorithm", "fitness": 74.11177600047834}, "n": 10, "M": [0.6456948590095664, 2.4332211062965046, 0.548126224386646, 0.8070272841645391]}