{"T": [0, 8.209416024206574, 32.3977370575339, 44.84869354656787], "method": {"name": "Genetic Algorithm", "fitness": 40.66516980892273}, "n": 11, "M": [0.7246061227873847, 6.02044218975474, 1.6164943245886714, 0.7178785796425304]}