{"T": [0, 8.229191046608467, 32.55367338099618, 44.86069532707365], "method": {"name": "Genetic Algorithm", "fitness": 37.22813510459725}, "n": 12, "M": [0.8030310496707311, 9.590083667339707, 2.1068402406950084, 0.8426378160060503]}