{"T": [0, 6.679213047377672, 9.882071071126965, 44.675782035201784], "method": {"name": "Genetic Algorithm", "fitness": 48.49406699933533}, "n": 13, "M": [0.8174956815578995, 2.249772155459994, 23.50799623078512, 0.9958297782349615]}