{"T": [0, 1.7167173024767175, 6.86498753852947, 44.802577210328145], "method": {"name": "Genetic Algorithm", "fitness": 61.6458101890596}, "n": 14, "M": [0.6424397704327949, 1.0454396727160384, 18.760162310585297, 1.1992262764310793]}