{"T": [0, 2.2369040271356146, 6.878663907122248, 38.44750078006178], "method": {"name": "Genetic Algorithm", "fitness": 86.88860484046675}, "n": 15, "M": [0.6411729900981272, 1.3187715096717663, 32.54683737522008, 1.5290566989501335]}