{"T": [0, 2.5606518838673473, 6.875153215200715, 45.04357578600776], "method": {"name": "Genetic Algorithm", "fitness": 113.90738778639214}, "n": 16, "M": [0.6340299041034262, 1.533435021412773, 43.3186303410429, 1.6390632245042114]}