{"T": [0, 2.48539340734901, 6.879002041714822, 45.10017826748104], "method": {"name": "Genetic Algorithm", "fitness": 171.9840153962646}, "n": 17, "M": [0.6327039027961382, 2.0034280929104615, 48.855096477509306, 2.0628325085522916]}