{"T": [0, 2.7707188200835433, 6.868510796327625, 45.25327159600909], "method": {"name": "Genetic Algorithm", "fitness": 252.621079681333}, "n": 18, "M": [0.6034444573910914, 2.2455713126973493, 52.288793155822745, 2.402175314331663]}