{"T": [0, 2.585236900600925, 6.874556043956376, 48.050790520137014], "method": {"name": "Genetic Algorithm", "fitness": 351.5899527871604}, "n": 19, "M": [0.6319793595322439, 3.142943681937884, 57.71914739326588, 3.092798548227641]}