{"T": [0, 2.7252056628855716, 6.8657658957402985, 46.456932494323205], "method": {"name": "Genetic Algorithm", "fitness": 465.29687725298555}, "n": 20, "M": [0.5910692065143052, 4.203764372552061, 68.90958676868375, 3.8358773492931055]}