{"T": [0, 2.7620793910001833, 5.874439482871108, 50.691506290992876], "method": {"name": "Genetic Algorithm", "fitness": 602.1610444409183}, "n": 21, "M": [0.5815672426190135, 5.038287477206914, 77.3261580325606, 4.95500883847888]}