{"T": [0, 2.751606088361887, 6.619494497632272, 48.60781354331494], "method": {"name": "Genetic Algorithm", "fitness": 760.1940963381237}, "n": 22, "M": [0.6168715087507901, 12.328092788102266, 86.80106109470108, 8.96761356672578]}