{"T": [0, 3.0086808794693334, 50.763571317605816, 75.41586907421923], "method": {"name": "Genetic Algorithm", "fitness": 936.1039384187695}, "n": 23, "M": [0.6111047950845576, 94.57094407404057, 8.875094384830707, 29.63987243648554]}