{"T": [0, 2.469867811477348, 62.67888447975361, 63.756883496094495], "method": {"name": "Genetic Algorithm", "fitness": 1141.9519589133545}, "n": 24, "M": [0.611581014004, 103.90228979334564, 13.814634799233588, 30.00637005025058]}