{"T": [0, 2.5070270024494286, 62.3733222661862, 73.66969618397371], "method": {"name": "Genetic Algorithm", "fitness": 1380.4429527919697}, "n": 25, "M": [0.5902065056622682, 111.9531733186103, 22.267809837197557, 43.95718925750575]}