{"T": [0, 3.0918241718474917, 64.96381492867778, 67.35627968478019], "method": {"name": "Genetic Algorithm", "fitness": 1659.5115627353164}, "n": 26, "M": [0.48636410673975994, 108.04581789664898, 21.970893720459785, 35.27460459916509]}