{"T": [0, 3.2287113957790936, 59.10241599061669, 61.69621202482511], "method": {"name": "Genetic Algorithm", "fitness": 1973.7764188447968}, "n": 27, "M": [0.49481779658105995, 100.5599475095215, 12.226382260149078, 46.4927366934452]}