{"T": [0, 3.470820460742548, 49.25080640177195, 49.57724067839177], "method": {"name": "Genetic Algorithm", "fitness": 2322.568022229978}, "n": 28, "M": [0.4888409623699317, 105.1868774141897, 12.651129042012736, 46.65545083864802]}