{"T": [0, 3.1090197426381834, 57.45610910030973, 68.21112981856179], "method": {"name": "Genetic Algorithm", "fitness": 2711.67620235809}, "n": 29, "M": [0.4861964035948815, 103.41081981002745, 32.23881427530792, 49.067231966082836]}