{"T": [0, 0.05577001605029948, 28.700357648277844, 29.315828700846037], "method": {"name": "Genetic Algorithm", "fitness": 693.2352477596478}, "n": 2, "M": [42.03278318350571, 0.06045608037015722, 28.203932673211558, 0.0460595464533607]}