{"T": [0, 3.1665630008439742, 66.02351478699973, 71.74613440834071], "method": {"name": "Genetic Algorithm", "fitness": 3138.5067673058866}, "n": 30, "M": [0.4766625615902989, 101.24964854929475, 5.985100324824755, 45.22921581144351]}