{"T": [0, 0.4301820009783131, 5.437757649765387, 66.9243510335604], "method": {"name": "Genetic Algorithm", "fitness": 340.99335934179055}, "n": 3, "M": [7.449423405637066, 0.06469747353274086, 0.14044585288617326, 0.09349422086618538]}