{"T": [0, 0.5493395773906972, 44.71406926811253, 86.9089297747095], "method": {"name": "Genetic Algorithm", "fitness": 477.2401307727776}, "n": 4, "M": [26.391479015952978, 0.21401771415966797, 0.136466899643193, 23.121250226591425]}