{"T": [0, 0.046886419352808684, 6.5762898053606555, 44.395936102953314], "method": {"name": "Genetic Algorithm", "fitness": 95.92858588105463}, "n": 5, "M": [24.361440466651604, 0.16408007225264276, 0.40964779585456557, 0.19780650646871378]}