{"T": [0, 0.024267622996046345, 6.492621238406867, 78.7317541078821], "method": {"name": "Genetic Algorithm", "fitness": 391.59763712341436}, "n": 6, "M": [33.242490446680115, 0.22052669121583532, 0.4364706339624022, 0.30543763816964076]}