{"T": [0, 9.647236741748586, 37.73141669351826, 45.415086374013285], "method": {"name": "Genetic Algorithm", "fitness": 347.8527521650019}, "n": 7, "M": [0.48885981336777207, 0.9942384758319265, 0.39417651832081174, 0.3349365140498316]}