{"T": [0, 0.05990487922093635, 9.310098714349245, 37.71670230949762], "method": {"name": "Genetic Algorithm", "fitness": 144.48326501363448}, "n": 8, "M": [9.039719327554078, 0.4544917771229636, 2.28628462004765, 0.42549180266907644]}