{"T": [0, 0.11835841785357863, 8.090264872757118, 37.83666513058776], "method": {"name": "Genetic Algorithm", "fitness": 67.77100772554974}, "n": 9, "M": [3.3639897699742116, 0.4811443216653079, 1.8596868379387872, 0.5492138642565992]}